{
  "intents": [
    {
      "intent": "Forecast",
      "slots": [
        {
          "name": "cityName",
          "type": "LIST_cityName"
        }
      ]
    },
    {
      "intent": "ForecastToday",
      "slots": [
        {
          "name": "cityName",
          "type": "LIST_cityName"
        }
      ]
    },
    {
      "intent": "ForecastWeek",
      "slots": [
        {
          "name": "cityName",
          "type": "LIST_cityName"
        }
      ]
    },
    {
      "intent": "AMAZON.HelpIntent"
    }
  ]
}
